KBL,Khwaja Rawash International  Airport,Kabul,AF
MZR,Mazar-e Sharif Airport,Mazar-e Sharif,AF
TIA,Rinas Airport,Tirana,AL
ALG,Houari Boumediene Airport,Algiers,DZ
BLJ,Batna Airport,Batna,DZ
CZL,Ain El Bey Airport,Constantine,DZ
ORN,Ahmed Ben Bella Airport,Oran,DZ
TLM,Zenata Airport,Tlemcen,DZ
LAD,4 de Fevereiro Airport,Luanda,AO
ANU,V.C. Bird International Airport,Antigua,AG
EZE,Ministro Pistarini Airport,Buenos Aires,AR
COR,Pajas Blancas Airport,Cordoba,AR
EVN,Zvartnots International Airport,Yerevan,AM
AUA,Reina Beatrix Airport,Aruba,AW
ADL,Adelaide International Airport,Adelaide,AU
BNE,Brisbane International Airport,Brisbane,AU
CNS,Cairns International Airport,Cairns,AU
OOL,Coolangatta Airport,Gold Coast,AU
MEL,Melbourne Airport,Melbourne,AU
PER,Perth International Airport,Perth,AU
MCY,Maroochydore Airport,Sunshine Coast,AU
SYD,Kingsford Smith Airport,Sydney,AU
GRZ,Graz Airport,Graz,AT
INN,Innsbruck Airport,Innsbruck,AT
KLU,Klagenfurt Airport,Klagenfurt,AT
LNZ,Blue Danube Airport,Linz,AT
SZG,W. A. Mozart Airport,Salzburg,AT
VIE,Vienna International Airport,Vienna,AT
GYD,Heydar Aliyev International Airport,Baku,AZ
KVD,Ganja Airport,Ganja,AZ
NAJ,Nakchivan Airport,Nakchivan,AZ
BIM,South Bimini Intl Airport,Bimini,BS
FPO,Grand Bahama International Airport,Freeport,BS
GGT,Exuma International Airport,George Town,BS
GHB,Governor's Harbour Airport,Governor's Harbour,BS
MHH,Marsh Harbour Airport,Marsh Harbour,BS
NAS,Lynden Pindling Intl Airport,Nassau,BS
ELH,North Eleuthera Airport,North Eleuthera,BS
ZSA,Cockburn Town Airport,San Salvador,BS
TCB,Treasure Cay Airport,Treasure Cay,BS
BAH,Bahrain International Airport,Bahrain,BH
DAC,Hazrat Shahjalal International,Dhaka,BD
BGI,Grantley Adams International Airport,Bridgetown,BB
MSQ,Minsk International,Minsk,BY
BRU,Brussels Airport,Brussels,BE
BZE,Philip S.W. Goldson International Airport,Belize City,BZ
COO,Cadjehoun Airport,Cotonou,BJ
BDA,L.F. Wade International Airport,Bermuda,BM
LPB,El Alto Intl Airport,La Paz,BO
VVI,Viru Viru International Airport,Santa Cruz,BO
BON,Flamingo International Airport,Bonaire,BQ
SJJ,Butmir International Airport,Sarajevo,BA
GBE,Sir Seretse Khama International Airport,Gaborone,BW
BEL,Val de Cans Airport,Belem,BR
CNF,Tancredo Neves International Airport,Belo Horizonte,BR
BSB,J. Kubitscheck Intl Airport,Brasilia,BR
FOR,Pinto Martins Intl Airport,Fortaleza,BR
MAO,Eduardo Gomes International Airport,Manaus,BR
NAT,Sao Goncalo do Amarante Intl Airport,Natal,BR
POA,Salgado Filho Intl Airport,Porto Alegre,BR
REC,Guararapes International Airport,Recife,BR
GIG,Galeao- A.C. Jobim Intl Airport,Rio de Janeiro,BR
SSA,Luis E. Magalhaes Airport,Salvador,BR
GRU,Guarulhos International Airport,Sao Paulo-Guarulhos,BR
VCP,Viracopos-Campinas IntL Airport,Sao Paulo-Viracopos-Campinas IntL,BR
BWN,Brunei International Airport,Bandar Seri Begawan,BN
SOF,Sofia Airport,Sofia,BG
VAR,Varna Airport,Varna,BG
OUA,Ouagadougou Airport,Ouagadougou,BF
BJM,Bujumbura International Airport,Bujumbura,BI
PNH,Phnom Penh International Airport,Phnom Penh,KH
REP,Angkor International Airport,Siem Reap,KH
DLA,Douala International Airport,Douala,CM
NSI,Nsimalen Airport,Yaounde,CM
YXX,Abbotsford Int'l Airport,Abbotsford,CA
YBG,Bagotville Airport,Bagotville,CA
YBC,Baie Comeau Airport,Baie Comeau,CA
ZBF,Bathurst Airport,Bathurst,CA
YYC,Calgary International Airport,Calgary,CA
YBL,Campbell River Airport,Campbell River,CA
YCG,West Kootenay Regional Airport,Castlegar,CA
YYG,Charlottetown Airport,Charlottetown,CA
YQQ,Comox Airport,Comox,CA
YXC,Cranbrook Airport,Cranbrook,CA
YDF,Deer Lake Regional Airport,Deer Lake,CA
YEG,Edmonton International Airport,Edmonton,CA
YMM,Fort McMurray Airport,Fort McMurray,CA
YXJ,North Peace Airport,Fort St. John,CA
YFC,Fredericton International Airport,Fredericton,CA
YQX,Gander International Airport,Gander,CA
YGP,Michel-Pouliot Airport,Gaspe,CA
YYR,Goose Bay Airport,Goose Bay,CA
YQU,Grande Prairie Airport,Grande Prairie,CA
YHZ,Stanfield International Airport,Halifax,CA
YGR,Iles de La Madeleine Airport,Iles de La Madeleine,CA
YKA,Kamloops Airport,Kamloops,CA
YLW,Kelowna International Airport,Kelowna,CA
YGK,Norman Rogers Airport,Kingston,CA
YQL,Lethbridge County Airport,Lethbridge,CA
YXU,London International Airport,London,CA
YXH,Medicine Hat Airport,Medicine Hat,CA
YQM,Greater Moncton International Airport,Moncton,CA
YYY,Mont Joli Airport,Mont Joli,CA
YUL,Pierre Elliott Trudeau International Airport,Montreal,CA
YCD,Nanaimo Airport,Nanaimo,CA
YYB,Jack Garland Airport,North Bay,CA
YOW,Macdonald-Cartier Intl Airport,Ottawa,CA
YYF,Penticton Regional Airport,Penticton,CA
YXS,Prince George Airport,Prince George,CA
YPR,Prince Rupert Airport,Prince Rupert,CA
YQB,Jean Lesage Int'l Airport,Quebec,CA
YQZ,Quesnel Airport,Quesnel,CA
YQF,Red Deer Regional Airport,Red Deer,CA
YQR,Regina International Airport,Regina,CA
YUY,Rouyn-Noranda Airport,Rouyn-Noranda,CA
YSJ,Saint John Airport,Saint John,CA
YZP,Sandspit Airport,Sandspit,CA
YZR,Chris Hadfield Airport,Sarnia,CA
YXE,J.G. Diefenbaker Intl Airport,Saskatoon,CA
YAM,Sault Ste. Marie Airport,Sault Ste. Marie,CA
YZV,Sept-Iles Airport,Sept-Iles,CA
YYD,Smithers Airport,Smithers,CA
YYT,St John's International Airport,St John's,CA
YSB,Sudbury Airport,Sudbury,CA
YQY,J.A. Douglas McCurdy Airport,Sydney,CA
YXT,Northwest Regional Airport,Terrace,CA
YQT,Thunder Bay International Airport,Thunder Bay,CA
YTS,Victor M. Power Airport,Timmins,CA
YTZ,Billy Bishop City Airport,Toronto-Billy Bishop City,CA
YHM,Hamilton Airport,Toronto-Hamilton,CA
YYZ,Lester B. Pearson Intl Airport,Toronto-Lester B. Pearson,CA
YVO,Val d'Or Airport,Val d'Or,CA
YVR,Vancouver International Airport,Vancouver,CA
YYJ,Victoria International Airport,Victoria,CA
YWK,Wabush Airport,Wabush,CA
YXY,Erik Nielsen Intl Airport,Whitehorse,CA
YWL,Williams Lake Airport,Williams Lake,CA
YQG,Windsor Airport,Windsor,CA
YWG,J.A. Richardson Intl Airport,Winnipeg,CA
YZF,Yellowknife Airport,Yellowknife,CA
BVC,Rabil Airport,Boa Vista Island,CV
RAI,Francisco Mendes Int'l Airport,Praia,CV
SID,Amilcar Cabral International Airport,Sal Island,CV
VXE,Sao Pedro Airport,Sao Vicente Island,CV
GCM,Owen Roberts International Airport,Grand Cayman,KY
NDJ,Hassan Djamous Intl Airport,N'Djamena,TD
SCL,Arturo Merino Benitez Airport,Santiago,CL
AHJ,Aba Hongyuan Airport,Aba Tibetan,CN
AKU,Aksu Airport,Aksu,CN
BAV,Erliban Airport,Baotou,CN
RLK,Tianjitai Airport,Bayannur,CN
BHY,Fucheng Airport,Beihai,CN
PEK,Capital International Airport,Beijing,CN
CGQ,Longjia International Airport,Changchun,CN
CSX,Huanghua International Airport,Changsha,CN
CIH,Wangcun Airport,Changzhi,CN
CZX,Benniu Airport,Changzhou,CN
CHG,Chaoyang Airport,Chaoyang,CN
CTU,Shuangliu International,Chengdu,CN
CIF,Yulong Airport,Chifeng,CN
CKG,Jiangbei International Airport,Chongqing,CN
DLC,Zhoushuizi Intl Airport,Dalian,CN
DDG,Langtou Airport,Dandong,CN
DCY,Yading Airport,Daocheng,CN
DQA,Sartu Airport,Daqing,CN
DAT,Beijiazao Airport,Datong,CN
DAX,Heshi Airport,Dazhou,CN
DNH,Dunhuang Airport,Dunhuang,CN
FUG,Xiguan Airport,Fuyang,CN
FYJ,Fuyuan Airport,Fuyuan,CN
FOC,Changle International Airport,Fuzhou,CN
KOW,Huangjin Airport,Ganzhou,CN
GYS,Panlong Airport,Guangyuan,CN
CAN,Baiyun International Airport,Guangzhou,CN
KWL,Liangjiang International Airport,Guilin,CN
KWE,Longdongbao Intl Airport,Guiyang,CN
HAK,Meilan International Airport,Haikou,CN
HLD,Dongshan Airport,Hailar,CN
HMI,Hami Airport,Hami,CN
HGH,Xiaoshan Intl Airport,Hangzhou,CN
HRB,Taiping Intl Airport,Harbin,CN
HFE,Xinqiao International Airport,Hefei,CN
HET,Baita International Airport,Hohhot,CN
HTN,Hotan Airport,Hotan,CN
TXN,Tunxi International Airport,Huangshan,CN
JGS,Jinggangshan Airport,Ji'an,CN
JMU,Dongjiao Airport,Jiamusi,CN
TNA,Yaoqiang Intl Airport,Jinan,CN
JDZ,Jingdezhen Airport,Jingdezhen,CN
JZH,Jiuzhai Huanglong Airport,Jiuzhaigou,CN
KRY,Karamay Airport,Karamay,CN
KHG,Kashi Airport,Kashi,CN
KRL,Korla Airport,Korla,CN
KMG,Changshui International Airport,Kunming,CN
LHW,Zhongchuan Airport,Lanzhou,CN
LXA,Gonggar Airport,Lhasa/Lasa,CN
LJG,Sanyi Airport,Lijiang,CN
LYI,Shubuling Airport,Linyi,CN
LZH,Bailian Airport,Liuzhou,CN
LZO,Lantian Airport,Luzhou,CN
NZH,Xijiao Airport,Manzhouli,CN
MIG,Nanjiao Airport,Mianyang,CN
MDG,Hailang Airport,Mudanjiang,CN
KHN,Changbei International Airport,Nanchang,CN
NKG,Lukou International Airport,Nanjing,CN
NNG,Wuxu International Airport,Nanning,CN
NTG,Xingdong Airport,Nantong,CN
NGB,Lishe International Airport,Ningbo,CN
LZY,Mainling/Milin Airport,Nyingchi/Linzhi,CN
DSN,Ejin Horo Airport,Ordos,CN
PZI,Bao ' angong  Airport,Panzhihua,CN
BPX,Bamda/Bangda Airport,Qamdo/Changdu,CN
TAO,Liuting International Airport,Qingdao,CN
NDG,Sanjiazi Airport,Qiqihar,CN
JJN,Jinjiang Airport,Quanzhou,CN
JUZ,Quzhou Airport,Quzhou,CN
SYX,Phoenix International Airport,Sanya,CN
SHA,Hongqiao International Airport,Shanghai-Hongqiao,CN
PVG,Pudong International Airport,Shanghai-Pudong,CN
SWA,Jieyang Chaoshan Airport,Shantou,CN
SHE,Taoxian International Airport,Shenyang,CN
SZX,Bao'an International Airport,Shenzhen,CN
TYN,Wusu International Airport,Taiyuan,CN
HYN,Luqiao Airport,Taizhou,CN
TCZ,Tuofeng Airport,Tengchong,CN
TSN,Binhai International Airport,Tianjin,CN
TNH,Sanyuanpu Airport,Tonghua,CN
TGO,Tongliao Airport,Tongliao,CN
HLH,Ulanhot Airport,Ulanhot,CN
URC,Diwopu International Airport,Urumqi,CN
WXN,Wuqiao Airport,Wanzhou,CN
WEH,Dashuibo Airport,Weihai,CN
WNZ,Yongqiang Intl Airport,Wenzhou,CN
WUA,Wuhai Airport,Wuhai,CN
WUH,Tianhe Intl Airport,Wuhan,CN
WUX,Sunan Shuofang Airport,Wuxi,CN
XIY,Xianyang Intl Airport,Xi'an,CN
XMN,Gaoqi Intl Airport,Xiamen,CN
XFN,Liuji Airport,Xiangyang,CN
XIC,Qingshan Airport,Xichang,CN
XIL,Xilinhot Airport,Xilinhot,CN
XNN,Caojiabao Airport,Xining,CN
XUZ,Guanyin Airport,Xuzhou,CN
YNZ,Nanyang Airport,Yancheng,CN
YTY,Taizhou Airport,Yangzhou,CN
YNJ,Chaoyangchuan Airport,Yanji,CN
YNT,Laishan Intl Airport,Yantai,CN
YBP,Caiba Airport,Yibin,CN
YIH,Sanxia Airport,Yichang,CN
YIC,Mingyueshan Airport,Yichun (Jiangxi),CN
INC,Hedong Airport,Yinchuan,CN
YIN,Yining Airport,Yining,CN
YIW,Yiwu Airport,Yiwu,CN
UYN,Yuyang Airport,Yulin,CN
YCU,Guangong Airport,Yuncheng,CN
DYG,Hehua Airport,Zhangjiajie,CN
ZHA,Zhanjiang Airport,Zhanjiang,CN
CGO,Xinzheng Intl Airport,Zhengzhou,CN
HSN,Putuoshan Airport,Zhoushan,CN
ZUH,Sanzao Intl Airport,Zhuhai,CN
ZYI,Xinzhou Airport,Zunyi,CN
AXM,El Eden Intl Airport,Armenia,CO
EJA,Yariguies Airport,Barrancabermeja,CO
BAQ,Ernesto Cortissoz Intl Airport,Barranquilla,CO
BOG,El Dorado Intl Airport,Bogota,CO
BGA,Palonegro Intl Airport,Bucaramanga,CO
CLO,Alfonso B. Aragon Intl Airport,Cali,CO
CTG,Rafael Nunez Intl Airport,Cartagena,CO
CUC,Camilo Daza Airport,Cucuta,CO
FLA,Gustavo A. Paredes Airport,Florencia,CO
IBE,Perales Airport,Ibague,CO
LET,Alfredo V. Cobb Intl Airport,Leticia,CO
MZL,La Nubia Airport,Manizales,CO
MDE,Jose Maria Cordova Intl Airport,Medellin,CO
MTR,Los Garzones Airport,Monteria,CO
NVA,Benito Sala Airport,Neiva,CO
PSO,Antonio Narino Airport,Pasto,CO
PEI,Matecana Intl Airport,Pereira,CO
PPN,Guillermo L. Valencia Airport,Popayan,CO
RCH,Almirante Padilla Airport,Riohacha,CO
ADZ,Gustavo R. Pinilla Int Airport,San Andres Island,CO
SMR,Simon Bolivar Intl Airport,Santa Marta,CO
TCO,La Florida Airport,Tumaco,CO
VUP,Alfonso Lopez Pumarejo Airport,Valledupar,CO
VVC,Vanguardia Airport,Villavicencio,CO
EYP,El Alcaravan Airport,Yopal,CO
BZV,Maya-Maya Airport,Brazzaville,CG
PNR,Pointe-Noire Airport,Pointe-Noire,CG
RAR,Rarotonga Island Airport,Rarotonga Island,CK
DRK,Drake Bay Airport,Drake Bay,CR
FON,Arenal Airport,Fortuna,CR
GLF,Golfito Airport,Golfito,CR
LIR,D. Oduber Quiros Intl Airport,Liberia,CR
LIO,Limon Intl Airport,Limon,CR
PMZ,Palmar Sur Airport,Palmar Sur,CR
PJM,Puerto Jimenez Airport,Puerto Jimenez,CR
XQP,La Managua Airport,Quepos,CR
SJO,Juan Santamaria International Airport,San Jose,CR
TNO,Tamarindo Airport,Tamarindo,CR
TMU,Tambor Airport,Tambor,CR
TTQ,Tortuguero Airport,Tortuguero,CR
ABJ,Felix Houphouet Boigny Airport,Abidjan,CI
BWK,Bol Airport,Brac,HR
DBV,Dubrovnik Airport,Dubrovnik,HR
OSI,Osijek Airport,Osijek,HR
PUY,Pula Airport,Pula,HR
RJK,Rijeka Airport,Rijeka,HR
SPU,Split Airport,Split,HR
ZAD,Zadar Airport,Zadar,HR
ZAG,Pleso Airport,Zagreb,HR
CCC,Jardines del Rey Airport,Cayo Coco,CU
CYO,Vilo Acuna Intl Airport,Cayo Largo del Sur,CU
HAV,Jose Marti International Airport,Havana,CU
HOG,Frank Pais  Intl Airport,Holguin,CU
SNU,Abel Santamaria Airport,Santa Clara,CU
VRA,Juan G. Gomez Intl Airport,Varadero,CU
CUR,Hato Intl Airport,Curacao,CW
ECN,Ercan Airport,Ercan,CY
LCA,Larnaca Airport,Larnaca,CY
PFO,Paphos International Airport,Paphos,CY
PRG,Ruzyne International Airport,Prague,CZ
FIH,N'djili Airport,Kinshasa,CD
FBM,Luano International Airport,Lubumbashi,CD
AAL,Aalborg Airport,Aalborg,DK
AAR,Tirstrup Airport,Aarhus,DK
BLL,Billund Airport,Billund,DK
CPH,Kastrup Airport,Copenhagen,DK
JIB,Ambouli Airport,Djibouti,DJ
POP,Gregorio Luperon Intl Airport,Puerto Plata,DO
PUJ,Punta Cana Intl Airport,Punta Cana,DO
AZS,El Catey Intl Airport,Samana,DO
STI,Cibao Intl Airport,Santiago,DO
SDQ,Las Americas Intl Airport,Santo Domingo,DO
GPS,Seymour Airport,Baltra Island,EC
OCC,Francisco de Orellana Airport,Coca,EC
GYE,Jose Joaquin de Olmedo Airport,Guayaquil,EC
MEC,Eloy Alfaro Intl Airport,Manta,EC
UIO,Mariscal Sucre Intl Airport,Quito,EC
SCY,San Cristobal Airport,San Cristobal Island,EC
ABS,Abu Simbel Airport,Abu Simbel,EG
HBE,Borg el Arab Airport,Alexandria,EG
ASW,Daraw International Airport,Aswan,EG
CAI,Cairo International Airport,Cairo,EG
HRG,Hurghada International Airport,Hurghada,EG
LXR,Luxor International Airport,Luxor,EG
RMF,Marsa Alam International Airport,Marsa Alam,EG
SSH,Sharm el-Sheikh International Airport,Sharm el-Sheikh,EG
HMB,Sohag Intl Airport,Sohag,EG
SAL,El Salvador Intl Airport,San Salvador,SV
SSG,Santa Isabel International,Malabo,GQ
ASM,Asmara International Airport,Asmara,ER
TLL,Lennart Meri Airport,Tallinn,EE
ADD,Bole International Airport,Addis Ababa,ET
AMH,Arba Minch Airport,Arba Minch,ET
ASO,Asosa Airport,Asosa,ET
AXU,Axum Airport,Axum,ET
BJR,Bahar Dar Airport,Bahar Dar,ET
DSE,Kombolcha Airport,Dessie,ET
DIR,Aba Tenna D Yilma Airport,Dire Dawa,ET
GMB,Gambela Airport,Gambela,ET
GDE,Gode Airport,Gode,ET
GDQ,Azezo Airport,Gonder,ET
HUE,Humera Airport,Humera,ET
JIJ,Jigiga Airport,Jijiga,ET
JIM,Aba Segud Airport,Jimma,ET
LLI,Lalibela Airport,Lalibela,ET
MQX,Alula Aba Nega Airport,Mekele,ET
SZE,Semera Airport,Semera,ET
NAN,Nadi International Airport,Nadi,FJ
HEL,Helsinki-Vantaa Airport,Helsinki,FI
KTT,Kittila Airport,Kittila,FI
TMP,Tampere-Pirkkala Airport,Tampere,FI
TKU,Turku Airport,Turku,FI
VAA,Vaasa Airport,Vaasa,FI
AJA,Napoleon Bonaparte Airport,Ajaccio,FR
BIA,Poretta Airport,Bastia,FR
BIQ,Biarritz Parme Airport,Biarritz,FR
BOD,Bordeaux Airport,Bordeaux,FR
CLY,Sainte Catherine Airport,Calvi,FR
DOL,Saint Gatien Airport,Deauville,FR
FSC,Sud Corse Airport,Figari,FR
LDE,Tarbes Ossun Lourdes Airport,Lourdes,FR
LYS,St-Exupery Airport,Lyon,FR
MRS,Marseille Airport,Marseille,FR
ETZ,Lorraine Airport,Metz/Nancy,FR
MPL,Mediterranee Airport,Montpellier,FR
NTE,Nantes Atlantique Airport,Nantes,FR
NCE,Cote D'Azur Airport,Nice,FR
CDG,Charles De Gaulle Airport,Paris-Charles De Gaulle,FR
ORY,Orly Field,Paris-Orly Field,FR
SXB,Entzheim Airport,Strasbourg,FR
TLS,Blagnac Airport,Toulouse,FR
PPT,Faaa Airport,Tahiti,PF
LBV,Leon M'ba International Airport,Libreville,GA
BJL,Banjul International Airport,Banjul,GM
BUS,Batumi Airport,Batumi,GE
TBS,Tbilisi International Airport,Tbilisi,GE
SXF,Schoenefeld Airport,Berlin-Schoenefeld,DE
TXL,Tegel Airport,Berlin-Tegel,DE
BRE,Bremen Airport,Bremen,DE
CGN,Cologne/Bonn Airport,Cologne/Bonn,DE
DRS,Dresden Airport,Dresden,DE
DUS,Duesseldorf International,Duesseldorf,DE
FRA,Frankfurt International Airport,Frankfurt,DE
FDH,Friedrichshafen Airport,Friedrichshafen,DE
HAM,Hamburg Airport,Hamburg,DE
HAJ,Hannover Airport,Hannover,DE
FKB,Baden Airpark,Karlsruhe/Baden-Baden,DE
LEJ,Leipzig/Halle Airport,Leipzig/Halle,DE
FMO,Muenster Airport,Muenster/Osnabrueck,DE
MUC,Munich International,Munich,DE
NUE,Nuremberg Airport,Nuremberg,DE
PAD,Paderborn Airport,Paderborn/Lippstadt,DE
RLG,Laage Airport,Rostock,DE
SCN,Saarbruecken Airport,Saarbruecken,DE
STR,Stuttgart Airport,Stuttgart,DE
GWT,Sylt Airport,Westerland,DE
ACC,Kotoka International Airport,Accra,GH
AXD,Dimokritos Airport,Alexandroupolis,GR
ATH,Eleftherios Venizelos Airport,Athens,GR
CHQ,Ioannis Daskalogiannis Airport,Chania,GR
JKH,Omiros Airport,Chios,GR
IOA,King Pyrros Airport,Ioannina,GR
HER,Nikos Kazantzakis Airport,Irakleion,GR
KLX,Kalamata Airport,Kalamata,GR
AOK,Karpathos Airport,Karpathos,GR
KVA,Megas Alexandros Airport,Kavala,GR
EFL,Kefallinia Airport,Kefallinia,GR
CFU,Ioannis Kapodistrias Airport,Kerkyra,GR
KGS,Ippokratis Airport,Kos,GR
LXS,Limnos Airport,Limnos,GR
JMK,Mykonos Airport,Mykonos,GR
MJT,Odysseas Elytis Airport,Mytilini,GR
GPA,Araxos Airport,Patrai,GR
PVK,Aktion Airport,Preveza/Lefkada,GR
RHO,Diagoras Airport,Rhodes,GR
SMI,Aristarchos of Samos Airport,Samos,GR
JSI,Alex. Papadiamantis Airport,Skiathos,GR
SKU,Skyros Airport,Skyros,GR
SKG,Makedonia Airport,Thessaloniki,GR
JTR,Santorini Airport,Thira,GR
VOL,Nea Anchialos Airport,Volos,GR
ZTH,Dionsios Salomos Airport,Zakinthos Island,GR
GND,Point Saline International Airport,Grenada,GD
PTP,Le Raizet Airport,Pointe A Pitre,GP
GUM,A.B. Won Pat International Airport,Guam,GU
FRS,Mundo Maya Intl Airport,Flores,GT
GUA,La Aurora Intl Airport,Guatemala City,GT
CKY,Conakry International Airport,Conakry,GN
GEO,Cheddi Jagan International Airport,Georgetown,GY
PAP,Toussaint Louverture Airport,Port-au-Prince,HT
RTB,Juan Manuel Galvez Airport,Roatan,HN
SAP,Ramon V. Morales Intl Airport,San Pedro Sula,HN
TGU,Toncontin Intl Airport,Tegucigalpa,HN
HKG,Hong Kong International Airport,Hong Kong,HK
BUD,Liszt Ferenc Int'l Airport,Budapest,HU
KEF,Keflavik International Airport,Reykjavik,IS
IXA,Agartala Airport,Agartala,IN
AGR,Agra Airport,Agra,IN
AMD,S. VallabhBhai Patel Airport,Ahmedabad,IN
AJL,Lenpui Airport,Aizawl,IN
ATQ,Sri Guru Ram Dass Jee Airport,Amritsar,IN
IXU,Aurangabad Airport,Aurangabad,IN
IXB,Bagdogra Airport,Bagdogra,IN
BLR,Kempegowda Intl Airport,Bengaluru,IN
BHO,Raja Bhoj Airport,Bhopal,IN
BBI,Biju Patnaik Airport,Bhubaneshwar,IN
IXC,Chandigarh Airport,Chandigarh,IN
MAA,Chennai International Airport,Chennai,IN
CJB,Peelamedu International Airport,Coimbatore,IN
DEL,Indira Gandhi International Airport,Delhi,IN
DIB,Mohanbari Airport,Dibrugarh,IN
DMU,Dimapur Airport,Dimapur,IN
GAY,Gaya Airport,Gaya,IN
GOI,Dabolim Airport,Goa,IN
GAU,Gopinah Bordoloi Int'l Airport,Guwahati,IN
HYD,Rajiv Gandhi International Airport,Hyderabad,IN
IMF,Imphal Airport,Imphal,IN
IDR,Devi Ahilya Bai Holkar Airport,Indore,IN
JAI,Jaipur International Airport,Jaipur,IN
IXJ,Satwari Airport,Jammu,IN
JGA,Govardhanpur Airport,Jamnagar,IN
JDH,Jodhpur Airport,Jodhpur,IN
HJR,Khajuraho Airport,Khajuraho,IN
COK,Kochi International Airport,Kochi,IN
CCU,Subhas Chandra Bose Airport,Kolkata,IN
CCJ,Kozhikode International Airport,Kozhikode,IN
IXL,Kushok Bakula Rimpoche Airport,Leh,IN
LKO,Chaudhary Charan Singh Airport,Lucknow,IN
IXM,Madurai Airport,Madurai,IN
IXE,Mangalore Airport,Mangalore,IN
BOM,Mumbai Airport,Mumbai,IN
NAG,Dr. Ambedkar Int'l Airport,Nagpur,IN
PAT,Jayaprakash Narayan Airport,Patna,IN
IXZ,Veer Savarkar Int'l Airport,Port Blair,IN
PNQ,Lohegaon Airport,Pune,IN
RPR,Swami Vivekananda Airport,Raipur,IN
RAJ,Rajkot Airport,Rajkot,IN
IXR,Birsa Munda Airport,Ranchi,IN
IXS,Kumbhirgram Airport,Silchar,IN
SXR,Sheikh ul Alam Airport,Srinagar,IN
TRV,Trivandrum International Airport,Thiruvananthapuram,IN
TIR,Tirupati Airport,Tirupati,IN
UDR,Maharana Pratap Airport,Udaipur,IN
BDQ,Vadodara Airport,Vadodara,IN
VNS,Lal Bahadur Shastri Airport,Varanasi,IN
VGA,Vijayawada Airport,Vijayawada,IN
VTZ,Vishakhapatnam Airport,Vishakhapatnam,IN
DPS,Ngurah Rai Airport,Denpasar-Bali,ID
CGK,Soekarno-Hatta International Airport,Jakarta,ID
SUB,Juanda Airport,Surabaya,ID
AWZ,Ahwaz Airport,Ahwaz,IR
IFN,Shahid Beheshti International,Esfahan,IR
KSH,Shahid Ashrafi Esfahani Airport,Kermanshah,IR
MHD,Shahid Hashemi Nejad Airport,Mashhad,IR
SYZ,Shahid Dastghaib International,Shiraz,IR
TBZ,Tabriz International Airport,Tabriz,IR
IKA,Imam Khomeini International Airport,Tehran,IR
NJF,Al-Ashraf International Airport,Al Najaf,IQ
BGW,Baghdad International Airport,Baghdad,IQ
BSR,Basrah International Airport,Basrah,IQ
EBL,Erbil International Airport,Erbil,IQ
ISU,Sulaymaniyah International Airport,Sulaymaniyah,IQ
DUB,Dublin International Airport,Dublin,IE
SNN,Shannon International Airport,Shannon,IE
TLV,Ben Gurion International Airport,Tel Aviv-Yafo,IL
AOI,Falconara Airport,Ancona,IT
BRI,Palese Airport,Bari,IT
BLQ,Guglielmo Marconi Airport,Bologna,IT
BDS,Casale Airport,Brindisi,IT
CAG,Elmas Airport,Cagliari,IT
CTA,Fontanarossa Airport,Catania,IT
FLR,Peretola Airport,Florence,IT
GOA,Cristoforo Colombo Airport,Genoa,IT
SUF,Lamezia Terme Airport,Lamezia Terme,IT
BGY,Bergamo/Orio al Serio Airport,Milan-Bergamo/Orio al Serio,IT
LIN,Linate Airport,Milan-Linate,IT
MXP,Malpensa Airport,Milan-Malpensa,IT
NAP,Capodichino Airport,Naples,IT
OLB,Costa Smeralda Airport,Olbia,IT
PMO,Punta Raisi Airport,Palermo,IT
PEG,St. Francis of Assisi Airport,Perugia,IT
PSA,Galileo Galilei Airport,Pisa,IT
FCO,Fiumicino Airport,Rome,IT
TRS,Ronchi dei Legionari Airport,Trieste,IT
TRN,Caselle Airport,Turin,IT
VCE,Marco Polo Airport,Venice,IT
VRN,Villafranca Airport,Verona,IT
KIN,Norman Manley Intl Airport,Kingston,JM
MBJ,Sangster International Airport,Montego Bay,JM
AXT,Akita Airport,Akita,JP
AOJ,Aomori Airport,Aomori,JP
AKJ,Asahikawa Airport,Asahikawa,JP
FUJ,Goto-Fukue Airport,Fukue,JP
FUK,Fukuoka Airport,Fukuoka,JP
FKS,Fukushima Airport,Fukushima,JP
HAC,Hachijojima Airport,Hachijojima,JP
HKD,Hakodate Airport,Hakodate,JP
HIJ,Hiroshima Airport,Hiroshima,JP
IKI,Iki Airport,Iki,JP
ISG,New Ishigaki Airport,Ishigaki,JP
IWK,Iwakuni Airport,Iwakuni,JP
KOJ,Kagoshima Airport,Kagoshima,JP
KKJ,Kokura Airport,Kitakyushu,JP
KCZ,Kochi Airport,Kochi,JP
KMQ,Komatsu Airport,Komatsu,JP
KMJ,Kumamoto Airport,Kumamoto,JP
KUH,Kushiro Airport,Kushiro,JP
IWJ,Iwami Airport,Masuda,JP
MYJ,Matsuyama Airport,Matsuyama,JP
MMB,Memanbetsu Airport,Memanbetsu,JP
MMY,Hirara Airport,Miyako,JP
KMI,Miyazaki Airport,Miyazaki,JP
MBE,Monbetsu Airport,Monbetsu,JP
NGS,Nagasaki Airport,Nagasaki,JP
NGO,Chubu Centrair International Airport,Nagoya,JP
SHB,Nakashibetsu Airport,Nakashibetsu,JP
KIJ,Niigata Airport,Niigata,JP
OBO,Obihiro Airport,Obihiro,JP
ONJ,Odate Noshiro Airport,Odate/Noshiro,JP
OIT,Oita Airport,Oita,JP
OKJ,Okayama Airport,Okayama,JP
OKA,Naha Airport,Okinawa,JP
KIX,Kansai International Airport,Osaka-Kansai,JP
UKB,Kobe Airport,Osaka-Kobe,JP
ITM,Osaka Int'l (Itami) Airport,Osaka-Osaka Int'l (Itami),JP
OIM,Oshima Airport,Oshima,JP
RIS,Rishiri Airport,Rishiri,JP
HSG,Saga Airport,Saga,JP
CTS,New Chitose Airport,Sapporo,JP
SDJ,Sendai Airport,Sendai,JP
FSZ,Mount Fuji Airport,Shizuoka,JP
SYO,Shonai Airport,Shonai,JP
TAK,Takamatsu Airport,Takamatsu,JP
TKS,Tokushima Airport,Tokushima,JP
NRT,Narita International,Tokyo-Narita,JP
HND,Tokyo International (Haneda) Airport,Tokyo-Tokyo,JP
TTJ,Tottori Airport,Tottori,JP
TOY,Toyama Airport,Toyama,JP
TSJ,Tsushima Airport,Tsushima,JP
UBJ,Yamaguchi-Ube Airport,Ube,JP
NTQ,Noto Airport,Wajima,JP
WKJ,Hokkaido Airport,Wakkanai,JP
YGJ,Miho Airport,Yonago,JP
JER,States Airport,Jersey,JE
AMM,Queen Alia International Airport,Amman,JO
AQJ,King Hussein International Airport,Aqaba,JO
ALA,Almaty International Airport,Almaty,KZ
TSE,Astana International Airport,Astana,KZ
MBA,Moi International Airport,Mombasa,KE
NBO,Jomo Kenyatta International Airport,Nairobi,KE
PUS,Gimhae International Airport,Busan,KR
CJJ,Cheongju  International Airport,Cheongju,KR
TAE,Daegu International Airport,Daegu,KR
KWJ,Gwangju Airport,Gwangju,KR
CJU,Jeju International Airport,Jeju,KR
HIN,Sacheon Airport,Jinju,KR
MWX,Muan International Airport,Muan,KR
GMP,Gimpo International Airport,Seoul-Gimpo,KR
ICN,Incheon International Airport,Seoul-Incheon,KR
USN,Ulsan Airport,Ulsan,KR
RSU,Yeosu/Suncheon Airport,Yeosu/Suncheon,KR
FNJ,Sunan International Airport,Pyongyang,KP
KWI,Kuwait International Airport,Kuwait,KW
FRU,Manas International Airport,Bishkek,KG
OSS,Osh Airport,Osh,KG
LPQ,Luang Prabang International Airport,Luang Prabang,LA
VTE,Wattay International Airport,Vientiane,LA
RIX,Riga International Airport,Riga,LV
BEY,Rafic Hariri International,Beirut,LB
ROB,Roberts International Airport,Monrovia,LR
MRA,Misurata Airport,Misurata,LY
PLQ,Palanga International Airport,Klaipeda/Palanga,LT
VNO,Vilnius International Airport,Vilnius,LT
LUX,Luxembourg Airport,Luxembourg,LU
MFM,Macau International Airport,Macau,MO
SKP,Skopje Airport,Skopje,MK
BLZ,Chileka International Airport,Blantyre,MW
LLW,Kamuzu International Airport,Lilongwe,MW
BKI,Kota Kinabalu International Airport,Kota Kinabalu,MY
KUL,Kuala Lumpur International Airport,Kuala Lumpur,MY
PEN,Penang International Airport,Penang,MY
MLE,Ibrahim Nasir Intl Airport,Male,MV
BKO,Senou International Airport,Bamako,ML
MLA,Luqa Airport,Malta,MT
KWA,Bucholz AAF,Kwajalein Island,MH
MAJ,Amata Kabua International Airport,Majuro,MH
FDF,Martinique A. Cesaire Airport,Fort-de-France,MQ
NKC,Nouakchott Airport,Nouakchott,MR
MRU,Sir S. Ramgoolam Intl Airport,Mauritius,MU
ACA,Juan N. Alvarez Intl Airport,Acapulco,MX
AGU,Jesus Teran Peredo Intl Airport,Aguascalientes,MX
CUN,Cancun International Airport,Cancun,MX
CUU,R. Fierro Villalobos Airport,Chihuahua,MX
CME,Ciudad Del Carmen Intl Airport,Ciudad Del Carmen,MX
CZM,Cozumel  Intl Airport,Cozumel,MX
DGO,Guadalupe Victoria Intl Airport,Durango,MX
GDL,Miguel Hidalgo Intl Airport,Guadalajara,MX
HUX,Bahia de Huatulco Intl Airport,Huatulco,MX
ZIH,Ixtapa/Zihuatanejo Intl Airport,Ixtapa/Zihuatanejo,MX
BJX,Del Bajio Airport,Leon/Guanajuato,MX
ZLO,Playa de Oro Intl Airport,Manzanillo,MX
MID,M. Crescencio Rejon Airport,Merida,MX
MEX,Benito Juarez Intl Airport,Mexico City,MX
MTY,Mariano Escobedo Intl Airport,Monterrey,MX
MLM,F.J. Mujica Intl Airport,Morelia,MX
OAX,Xoxocotlan Intl Airport,Oaxaca,MX
PBC,Hermanos Serdan Intl Airport,Puebla,MX
PVR,G. Diaz Ordaz Intl Airport,Puerto Vallarta,MX
QRO,Queretaro Intl Airport,Queretaro,MX
SJD,Los Cabos International Airport,San Jose del Cabo,MX
SLP,Ponciano Arriaga Intl Airport,San Luis Potosi,MX
TAM,F. Javier Mina Intl Airport,Tampico,MX
TRC,Francisco Sarabia Intl Airport,Torreon,MX
VER,Heriberto Jara Intl Airport,Veracruz,MX
VSA,C.Rovirosa Perez Intl Airport,Villahermosa,MX
TKK,Chuuk International Airport,Chuuk,FM
KSA,Kosrae International Airport,Kosrae,FM
PNI,Pohnpei International Airport,Pohnpei,FM
YAP,Yap International Airport,Yap,FM
KIV,Chisinau Airport,Chisinau,MD
ULN,Chinggis Khaan Int'l Airport,Ulaanbaatar,MN
TGD,Golubovci Airport,Podgorica,ME
AGA,Al Massira Airport,Agadir,MA
CMN,Mohammed V Airport,Casablanca,MA
RAK,Menara Airport,Marrakech,MA
TNG,Ibn Batouta Airport,Tangier,MA
MPM,Maputo International Airport,Maputo,MZ
APL,Nampula Airport,Nampula,MZ
MDL,Annisaton International Airport,Mandalay,MM
RGN,Mingaladon Int'l Airport,Yangon,MM
WDH,Hosea Kutako International Airport,Windhoek,NA
KTM,Tribhuvan International Airport,Kathmandu,NP
AMS,Schiphol Airport,Amsterdam,NL
RTM,Rotterdam Airport,Rotterdam,NL
NOU,La Tontouta Airport,Noumea,NC
AKL,Auckland International Airport,Auckland,NZ
BHE,WoodBourne Airport,Blenheim,NZ
CHC,Christchurch International Airport,Christchurch,NZ
DUD,Dunedin International Airport,Dunedin,NZ
GIS,Gisborne Airport,Gisborne,NZ
HLZ,Hamilton International Airport,Hamilton,NZ
HKK,Hokitika Airport,Hokitika,NZ
IVC,Invercargill Airport,Invercargill,NZ
KAT,Kaitaia Airport,Kaitaia,NZ
KKE,Bay of Islands Airport,Kerikeri,NZ
NPE,Hawkes Bay Airport,Napier/Hastings,NZ
NSN,Nelson Airport,Nelson,NZ
NPL,New Plymouth Airport,New Plymouth,NZ
PMR,Palmerston North Airport,Palmerston North,NZ
PPQ,Kapiti Coast Airport,Paraparaumu,NZ
ZQN,Queenstown Airport,Queenstown,NZ
ROT,Rotorua International Airport,Rotorua,NZ
TUO,Taupo Airport,Taupo,NZ
TRG,Tauranga Airport,Tauranga,NZ
TIU,Richard Pearse Airport,Timaru,NZ
WAG,Wanganui Airport,Wanganui,NZ
WLG,Wellington International Airport,Wellington,NZ
WSZ,Westport Airport,Westport,NZ
WHK,Whakatane Airport,Whakatane,NZ
WRE,Whangarei Airport,Whangarei,NZ
MGA,Augusto C. Sandino Intl Airport,Managua,NI
NIM,Diori Hamani Intl Airport,Niamey,NE
ABV,Nnamdi Azikiwe Intl Airport,Abuja,NG
ENU,Akanu Ibiam Intl Airport,Enugu,NG
KAN,Mallam Aminu Kano Intl Airport,Kano,NG
LOS,Murtala Muhammed Int'l Airport,Lagos,NG
PHC,Port Harcourt Int'l Airport,Port Harcourt,NG
IUE,Hanan International Airport,Niue Island,NU
NLK,Norfolk Island Airport,Norfolk Island,NF
ROP,Rota International Airport,Rota,MP
SPN,Francisco C. Ada International,Saipan,MP
AES,Vigra Airport,Aalesund,NO
ALF,Alta Airport,Alta,NO
BGO,Flesland Airport,Bergen,NO
BOO,Bodo Airport,Bodo,NO
EVE,Evenes Airport,Harstad-Narvik,NO
HAU,Haugesund Airport,Haugesund,NO
KKN,Hoeybuktmoen Airport,Kirkenes,NO
KRS,Kjevik Airport,Kristiansand,NO
KSU,Kvernberget Airport,Kristiansund,NO
LYR,Svalbard Airport,Longyearbyen,NO
MOL,Aro Airport,Molde,NO
OSL,Oslo Airport,Oslo-Oslo,NO
TRF,Sandefjord Airport,Oslo-Sandefjord,NO
SVG,Sola Airport,Stavanger,NO
TOS,Tromso/Langnes Airport,Tromso,NO
TRD,Vaernes Airport,Trondheim,NO
MCT,Muscat International Airport,Muscat,OM
ISB,Benazir Bhutto Intl Airport,Islamabad,PK
KHI,Jinnah International Airport,Karachi,PK
LHE,Allama Iqbal International Airport,Lahore,PK
ROR,Palau International Airport,Koror,PW
DAV,Enrique Malek Intl Airport,David,PA
PTY,Tocumen International Airport,Panama City,PA
ASU,Silvio Pettirossi Intl Airport,Asuncion,PY
AQP,Rodriguez Ballon Intl Airport,Arequipa,PE
CIX,J.A. Quinones Gonzalez Airport,Chiclayo,PE
CUZ,A. Velasco Astete Intl Airport,Cusco,PE
IQT,F. Secada Vignetta Airport,Iquitos,PE
JUL,Inco Mnco Capac Intl Airport,Juliaca,PE
LIM,Jorge Chavez Intl Airport,Lima,PE
PIU,G. Concha Iberico Intl Airport,Piura,PE
PEM,Padre Aldamiz Intl Airport,Puerto Maldonado,PE
TRU,C. Martinez de Pinillos Airport,Trujillo,PE
CRK,Clark International Airport,Angeles/Mabalacat,PH
CEB,Mactan International Airport,Cebu,PH
MNL,Ninoy Aquino International Airport,Manila,PH
BZG,Bydgoszcz Airport,Bydgoszcz,PL
GDN,Lech Walesa Airport,Gdansk,PL
KTW,Pyrzowice Airport,Katowice,PL
KRK,J. Paul II Balice International Airport,Krakow,PL
LCJ,Wladyslaw Reymont Airport,Lodz,PL
LUZ,Lublin Airport,Lublin,PL
POZ,Lawica Airport,Poznan,PL
RZE,Jasionka Airport,Rzeszow,PL
SZZ,Goleniow Airport,Szczecin,PL
WAW,Frederic Chopin Airport,Warsaw,PL
WRO,Strachowice Airport,Wroclaw,PL
FAO,Faro Airport,Faro,PT
LIS,Lisboa Airport,Lisbon,PT
FNC,Madeira Airport,Madeira,PT
PDL,Nordela Airport,Ponta Delgada (Azores),PT
PXO,Porto Santo Airport,Porto Santo,PT
OPO,Porto Airport,Porto,PT
TER,Lajes Airport,Terceira,PT
BQN,Rafael Hernandez Airport,Aguadilla,PR
SJU,Luis Munoz Marin International Airport,San Juan,PR
DOH,Hamad International Airport,Doha,QA
OTP,Otopeni International Airport,Bucharest,RO
CLJ,Napoca Airport,Cluj,RO
CND,Mihail Kogalniceanu Airport,Constanta,RO
IAS,Iasi Airport,Iasi,RO
SBZ,Sibiu Airport,Sibiu,RO
TSR,Traian Vuia Airport,Timisoara,RO
ASF,Astrakhan Airport,Astrakhan,RU
HTA,Kadala Airport,Chita,RU
KZN,Kazan International Airport,Kazan,RU
KHV,Novy Airport,Khabarovsk,RU
KRR,Pashkovsky Airport,Krasnodar,RU
DME,Domodedovo Airport,Moscow-Domodedovo,RU
SVO,Sheremetyevo Airport,Moscow-Sheremetyevo,RU
VKO,Vnukovo Airport,Moscow-Vnukovo,RU
GOJ,Strigino Airport,Nizhny Novgorod,RU
OVB,Tolmachevo Airport,Novosibirsk,RU
ROV,Rostov Airport,Rostov,RU
KUF,Kurumoch Airport,Samara,RU
AER,Sochi International,Sochi,RU
LED,Pulkovo Airport,St Petersburg,RU
STW,Shpakovskoye Airport,Stavropol,RU
UFA,Ufa Airport,Ufa,RU
VVO,Knevichi Airport,Vladivostok,RU
SVX,Koltsovo Airport,Yekaterinburg,RU
UUS,Khomutovo Airport,Yuzhno-Sakhalinsk,RU
KGL,Kigali International Airport,Kigali,RW
SKB,Robert L. Bradshaw Intl Airport,St Kitts,KN
UVF,Hewnorra Intl Airport,St Lucia,LC
APW,Falcolo International Airport,Apia,WS
TMS,Sao Tome International Airport,Sao Tome,ST
DMM,King Fahd International Airport,Dammam,SA
ELQ,Gassim Airport,Gassim,SA
JED,King Abdulaziz International Airport,Jeddah,SA
MED,Mohammad Bin Abdulaziz Airport,Madinah,SA
RUH,King Kalid International Airport,Riyadh,SA
TIF,Taif Airport,Taif,SA
YNB,Yanbu al Bahr Airport,Yanbu al Bahr,SA
DKR,Leopold Sedar Senghor,Dakar,SN
BEG,Nikola Tesla Airport,Belgrade,RS
PRN,Pristina International Airport,Pristina,RS
SEZ,Seychelles International Airport,Mahe Island,SC
FNA,Lungi International Airport,Freetown,SL
SIN,Changi Airport,Singapore,SG
SXM,Princess Juliana Intl Airport,St Maarten,SX
KSC,Barca Airport,Kosice,SK
LJU,Joze Pucnik Airport,Ljubljana,SI
MBX,Edvard Rusjan Airport,Maribor,SI
HGA,Egal International Airport,Hargeisa,SO
MGQ,Aden Adde Int'l Airport,Mogadishu,SO
CPT,Cape Town International Airport,Cape Town,ZA
DUR,King Shaka Int'l Airport,Durban,ZA
ELS,East London Airport,East London,ZA
JNB,O.R. Tambo International Airport,Johannesburg,ZA
PLZ,Port Elizabeth Airport,Port Elizabeth,ZA
JUB,Juba Airport,Juba,SS
LCG,A Coruna Airport,A Coruna,ES
ALC,Alicante Airport,Alicante,ES
OVD,Asturias Airport,Asturias,ES
BCN,Barcelona Airport,Barcelona,ES
BIO,Bilbao Airport,Bilbao,ES
FUE,Fuerteventura Airport,Fuerteventura,ES
LPA,Gran Canaria Airport,Gran Canaria,ES
IBZ,Ibiza Airport,Ibiza,ES
ACE,Lanzarote Airport,Lanzarote,ES
MAD,Adolfo Suarez-Barajas Airport,Madrid,ES
AGP,Malaga Airport,Malaga,ES
MAH,Mahon Airport,Menorca,ES
PMI,Palma Mallorca Airport,Palma De Mallorca,ES
SCQ,Santiago De Compostela Airport,Santiago De Compostela,ES
SVQ,Sevilla Airport,Sevilla,ES
TFS,Tenerife-Sur,Tenerife,ES
VLC,Valencia Airport,Valencia,ES
CMB,Bandaranaike International Airport,Colombo,LK
KRT,Khartoum International,Khartoum,SD
AGH,Angelholm Airport,Angelholm/Helsingborg,SE
GOT,Landvetter Airport,Gothenburg,SE
KLR,Kalmar Airport,Kalmar,SE
KRN,Kiruna Airport,Kiruna,SE
LPI,Linkoping Airport,Linkoping,SE
LLA,Kallax Airport,Lulea,SE
MMX,Sturup Airport,Malmo,SE
OSD,Froesoe Airport,Ostersund,SE
RNB,Kallinge Airport,Ronneby,SE
SFT,Skelleftea Airport,Skelleftea,SE
ARN,Arlanda Airport,Stockholm-Arlanda,SE
BMA,Bromma Airport,Stockholm-Bromma,SE
SDL,Sundsvall/Harnosand Airport,Sundsvall,SE
UME,Umea Airport,Umea,SE
VBY,Visby Airport,Visby,SE
BSL,EuroAirport Swiss,Basel/Mulhouse,CH
GVA,Geneva International Airport,Geneva,CH
LUG,Agno Airport,Lugano,CH
ZRH,Zurich Airport,Zurich,CH
KHH,Kaohsiung International Airport,Kaohsiung,TW
RMQ,Cingcyuangang Airport,Taichung,TW
TSA,Songshan Airport,Taipei-Songshan,TW
TPE,Taiwan Taoyuan International Airport,Taipei-Taiwan Taoyuan,TW
DYU,Dushanbe International Airport,Dushanbe,TJ
DAR,Julius Nyerere International Airport,Dar Es Salaam,TZ
JRO,Kilimanjaro International Airport,Kilimanjaro,TZ
ZNZ,Zanzibar International Airport,Zanzibar,TZ
BKK,Suvarnabhumi International,Bangkok,TH
CNX,Chiang Mai International Airport,Chiang Mai,TH
HDY,Hat Yai International Airport,Hat Yai,TH
KKC,Khon Kaen Airport,Khon Kaen,TH
USM,Ko Samui Airport,Ko Samui,TH
KBV,Krabi Airport,Krabi,TH
HKT,Phuket International Airport,Phuket,TH
URT,Surat Thani Airport,Surat Thani,TH
LFW,G. Eyadema International Airport,Lome,TG
TBU,Fua'amotu International Airport,Nuku'alofa,TO
POS,Piarco Intl Airport,Port of Spain,TT
TUN,Carthage Airport,Tunis,TN
ADA,Sakirpasa Airport,Adana,TR
ADF,Adiyaman Airport,Adiyaman,TR
AJI,Agri Airport,Agri,TR
MZH,Merzifon Airport,Amasya,TR
ESB,Esenboga Airport,Ankara,TR
AYT,Antalya Airport,Antalya,TR
BAL,Batman Airport,Batman,TR
BGG,Bingol Airport,Bingol,TR
BJV,Milas Airport,Bodrum,TR
YEI,Yenisehir Airport,Bursa,TR
CKZ,Canakkale Airport,Canakkale,TR
DLM,Dalaman Airport,Dalaman,TR
DNZ,Cardak Airport,Denizli,TR
DIY,Diyarbakir Airport,Diyarbakir,TR
EDO,Koca Seyit Airport,Edremit,TR
EZS,Elazig Airport,Elazig,TR
ERC,Erzincan Airport,Erzincan,TR
ERZ,Erzurum Airport,Erzurum,TR
AOE,Anadolu Airport,Eskisehir,TR
GZT,Oguzeli,Gaziantep,TR
GZP,Gazipasa Airport,Gazipasa,TR
HTY,Hatay Airport,Hatay,TR
IGD,Igdir Airport,Igdir,TR
ISE,Suleyman Demirel Airport,Isparta,TR
IST,Ataturk Airport,Istanbul-Ataturk,TR
SAW,Sabiha Gokcen Airport,Istanbul-Sabiha Gokcen,TR
ADB,Adnan Menderes Airport,Izmir,TR
KCM,Kahramanmaras Airport,Kahramanmaras,TR
KSY,Kars Airport,Kars,TR
KFS,Kastamonu Airport,Kastamonu,TR
ASR,Erkilet Airport,Kayseri,TR
KYA,Konya Airport,Konya,TR
KZR,Zafer Airport,Kutahya,TR
MLX,Erhac Airport,Malatya,TR
MQM,Mardin Airport,Mardin,TR
MSR,Mus Airport,Mus,TR
NAV,Kapodokya Airport,Nevsehir,TR
SZF,Carsamba Airport,Samsun,TR
GNY,Guney Anadolu Projesi Airport,Sanliurfa,TR
NOP,Sinop Airport,Sinop,TR
NKT,Sirnak Airport,Sirnak,TR
VAS,Sivas Airport,Sivas,TR
TEQ,Corlu Airport,Tekirdag,TR
TZX,Trabzon Airport,Trabzon,TR
VAN,Ferit Melen Airport,Van,TR
ASB,Ashgabat International Airport,Ashgabat,TM
PLS,Providenciales International Airport,Providenciales,TC
EBB,Entebbe International Airport,Entebbe,UG
DNK,Dnipropetrovsk Int'l Airport,Dnipropetrovsk,UA
KHE,Kherson Airport,Kherson,UA
KBP,Boryspil International  Airport,Kiev-Boryspil,UA
IEV,Zhuliany International Airport,Kiev-Zhuliany,UA
LWO,Lviv International Airport,Lviv,UA
ODS,Odesa-Central Int'l Airport,Odesa,UA
AUH,Abu Dhabi International Airport,Abu Dhabi,AE
DXB,Dubai International Airport,Dubai,AE
SHJ,Sharjah Airport,Sharjah,AE
ABZ,Dyce Airport,Aberdeen,GB
BFS,Belfast International Airport,Belfast,GB
BHX,Birmingham Airport,Birmingham,GB
BRS,Bristol Airport,Bristol,GB
EDI,Edinburgh Airport,Edinburgh,GB
GLA,Glasgow International Airport,Glasgow,GB
LCY,City Airport,London-City,GB
LGW,Gatwick Airport,London-Gatwick,GB
LHR,Heathrow Airport,London-Heathrow,GB
SEN,Southend Airport,London-Southend,GB
STN,Stansted Airport,London-Stansted,GB
MAN,Manchester Airport,Manchester,GB
NCL,Newcastle International Airport,Newcastle,GB
CAK,Akron/Canton Regional Airport,Akron/Canton,US
ALB,Albany International Airport,Albany,US
ABQ,International Sunport Airport,Albuquerque,US
AEX,Alexandria International Airport,Alexandria,US
ABE,Lehigh Valley International Airport,Allentown,US
AMA,Amarillo International Airport,Amarillo,US
ANC,Ted Stevens International Airport,Anchorage,US
ATW,Outagamie County Airport,Appleton,US
ACV,Arcata Airport,Arcata/Eureka,US
AVL,Asheville Regional Airport,Asheville,US
ASE,Pitkin County Airport,Aspen,US
ATL,Hartsfield-Jackson Atlanta International Airport,Atlanta,US
ACY,Atlantic City International Airport,Atlantic City,US
AUS,Austin-Bergstrom International Airport,Austin,US
BFL,Meadows Field,Bakersfield,US
BWI,Balt./Wash. International Airport,Baltimore,US
BGR,Bangor International Airport,Bangor,US
BTR,Ryan Airport,Baton Rouge,US
BIL,Logan International Airport,Billings,US
BGM,Binghamton Airport,Binghamton,US
BHM,Birmingham Airport,Birmingham,US
BIS,Bismarck Airport - North Dakota,Bismarck,US
BOI,Boise Air Terminal (Gowen Field),Boise,US
BOS,Logan International Airport,Boston,US
BZN,Yellowstone International Airport,Bozeman,US
BRO,South Padre Island International Airport,Brownsville,US
BUF,Buffalo Niagara International Airport,Buffalo,US
BUR,Bob Hope Airport,Burbank,US
BTV,Burlington International Airport,Burlington,US
CPR,Natrona County International Airport,Casper,US
CID,Cedar Rapids Airport,Cedar Rapids,US
CHS,Charleston International/AFB,Charleston,US
CRW,Yeager Airport,Charleston,US
CLT,Douglas Airport,Charlotte,US
CHO,Albemarle Airport,Charlottesville,US
ORD,O'Hare International Airport - Illinois,Chicago,US
CVG,Cincinnati/Northern Kentucky Airport,Cincinnati,US
CKB,Benedum Airport,Clarksburg,US
CLE,Hopkins International Airport,Cleveland,US
COD,Yellowstone Regional Airport - Wyoming,Cody,US
CLL,Easterwood Field,College Station,US
COS,Municipal Airport,Colorado Springs,US
CAE,Columbia Metropolitan Airport,Columbia,US
CMH,Port Columbus International Airport,Columbus,US
CRP,Corpus Christi International Airport,Corpus Christi,US
DFW,Dallas/Ft. Worth International Airport,Dallas,US
DAY,James Cox Dayton International Airport,Dayton,US
DEN,Denver International Airport,Denver,US
DSM,Des Moines Airport,Des Moines,US
DTW,Wayne County Airport,Detroit,US
DVL,Devils Lake Airport,Devils Lake,US
DIK,Dickinson Airport,Dickinson,US
DUJ,Jefferson County Airport,Dubois,US
DLH,Duluth International Airport,Duluth,US
DRO,La Plata County Airport,Durango,US
EAU,Eau Claire Airport,Eau Claire,US
ELP,El Paso International Airport - Texas,El Paso,US
ELM,Elmira Regional Airport - Iowa,Elmira,US
ERI,Erie International Airport - Pennsylvania,Erie,US
EUG,Mahlon Sweet Field Airport,Eugene,US
EVV,Dress Regional Airport,Evansville,US
FAI,Fairbanks International Airport,Fairbanks,US
FAR,Hector Field,Fargo,US
FAY,Fayetteville Municipal Airport,Fayetteville,US
XNA,Northwest Arkansas Regional Airport - Arkansas,Fayetteville,US
FNT,Bishop Airport,Flint,US
FLL,Ft. Lauderdale International Airport,Fort Lauderdale,US
RSW,Southwest Florida Regional Airport - Florida,Fort Myers,US
VPS,Fort Walton Beach/Destin Airport,Fort Walton Beach,US
FWA,Fort Wayne Municipal Airport/Baer Field,Fort Wayne,US
FAT,Fresno Yosemite Int'l,Fresno,US
GNV,Gainesville Regional Airport,Gainesville,US
GCC,Campbell County Airport - Wyoming,Gillette,US
GJT,Grand Junction Regional Airport,Grand Junction,US
GRR,Gerald R. Ford Intl Airport - Michigan,Grand Rapids,US
GTF,Great Falls International Airport - Montana,Great Falls,US
GRB,Austin-Straubel Field,Green Bay,US
GSO,Piedmont Triad International Airport - North Carolina,Greensboro/High Point,US
GSP,Greenville-Spartanburg Airport - South Carolina,Greenville,US
GPT,Biloxi Regional Airport,Gulfport,US
GUC,Gunnis-Crested Butte Airport - Colorado,Gunnison,US
SUN,Friedman Memorial Airport,Hailey/Sun Valley,US
CMX,Houghton County Airport,Hancock,US
HRL,Valley International Airport,Harlingen,US
MDT,Harrisburg International Airport - Pennsylvania,Harrisburg,US
BDL,Bradley International Airport - Connecticut,Hartford,US
HDN,Yampa Valley Airport - Colorado,Hayden,US
HYS,Hays Municipal Airport,Hays,US
HLN,Helena Regional Airport,Helena,US
ITO,Hilo International Airport,Hilo,US
HOB,Lea County Regional,Hobbs,US
HNL,Honolulu International Airport - Hawaii,Honolulu,US
IAH,George Bush Intercontinental Airport - Texas,Houston,US
HSV,Huntsville International Airport - Alabama,Huntsville,US
IDA,Idaho Falls Regional Airport - Idaho,Idaho Falls,US
IND,Indianapolis International Airport - Indiana,Indianapolis,US
ITH,Tompkins County Airport - New York,Ithaca,US
JAC,Jackson Hole Airport - Wyoming,Jackson,US
JAN,Jackson-Evers International Airport - Mississippi,Jackson,US
JAX,Jacksonville International Airport - Florida,Jacksonville,US
JMS,Jamestown Airport,Jamestown,US
JST,Cambria County Airport,Johnstown,US
OGG,Kahului Airport - Hawaii,Kahului,US
FCA,Glacier Park International Airport - Montana,Kalispell,US
MCI,Kansas City International Airport - Missouri,Kansas City,US
EYW,Key West International Airport,Key West,US
GRK,Gray Army Air Field,Killeen,US
TYS,Mc Ghee Tyson Airport - Tennessee,Knoxville,US
KOA,Keahole Airport - Hawaii,Kona,US
LFT,Lafayette Regional Airport,Lafayette,US
LCH,Lake Charles Municipal Airport,Lake Charles,US
LAN,Capital City Airport - Michigan,Lansing,US
LAR,Laramie Regional Airport,Laramie,US
LRD,Laredo International Airport,Laredo,US
LAS,McCarran International Airport - Nevada,Las Vegas,US
LWB,Greenbrier Valley Airport,Lewisburg,US
LEX,Blue Grass Airport - Kentucky,Lexington,US
LIH,Lihue Airport - Hawaii,Lihue,US
LNK,Lincoln Municipal Airport - Nebraska,Lincoln,US
LIT,Clinton National Airport - Arkansas,Little Rock,US
LAX,Los Angeles International Airport - California,Los Angeles,US
SDF,Standiford Field - Kentucky,Louisville,US
LBB,Lubbock International Airport,Lubbock,US
MSN,Dane County Regional Airport - Wisconsin,Madison,US
MMH,Mammoth Yosemite Airport,Mammoth Lakes,US
MHT,Manchester-Boston Municipal Airport - New Hampshire,Manchester,US
MFE,Miller International Airport,McAllen,US
MFR,Rogue Valley International Airport - Oregon,Medford,US
MEM,Memphis International Airport - Tennessee,Memphis,US
MIA,Miami International Airport - Florida,Miami,US
MAF,Odessa Regional Airport,Midland,US
MKE,General Mitchell Airport - Wisconsin,Milwaukee,US
MSP,St Paul International Airport - North Dakota,Minneapolis,US
MOT,Minot International Airport,Minot,US
MSO,Missoula International Airport - Montana,Missoula,US
MOB,Mobile Municipal Airport - Alabama,Mobile,US
MLI,Quad-City Airport - Illinois,Moline,US
MLU,Monroe Municipal Airport,Monroe,US
MRY,Monterey Regional Airport,Monterey/Carmel,US
MTJ,Montrose Regional Airport - Colorado,Montrose,US
MGW,Morgantown Airport,Morgantown,US
MKG,Muskegon Airport,Muskegon,US
MYR,Myrtle Beach Air Force Base,Myrtle Beach,US
ACK,Nantucket Memorial Airport,Nantucket,US
BNA,Nashville Metropolitan Airport,Nashville,US
MSY,Louis Armstrong International Airport - Louisiana,New Orleans,US
JFK,John F. Kennedy International Airport - New York,New York-John F. Kennedy,US
LGA,La Guardia Airport - New York,New York-La Guardia,US
EWR,Newark Liberty International Airport,New York-Newark Liberty,US
ORF,Norfolk International Airport - Virginia,Norfolk,US
OTH,Southwest Oregon Regional Airport,North Bend,US
OKC,Will Rogers Airport - Oklahoma,Oklahoma City,US
OMA,Eppley Airfield - Nebraska,Omaha,US
ONT,Ontario International Airport - California,Ontario,US
MCO,Orlando International Airport - Florida,Orlando,US
PAH,Barkley Regional Airport,Paducah,US
PSP,Palm Springs International Airport - California,Palm Springs,US
ECP,NW Florida Beaches International Airport,Panama City,US
PKB,Wood County Airport,Parkersburg,US
PSC,Tri-Cities Airport - Washington,Pasco,US
PNS,Pensacola International Airport - Florida,Pensacola,US
PIA,Greater Peoria Airport - Illinois,Peoria,US
PHL,Philadelphia International Airport - Pennsylvania,Philadelphia,US
PHX,Sky Harbor International Airport - Arizona,Phoenix,US
PIT,Pittsburgh International Airport - Pennsylvania,Pittsburgh,US
PDX,Portland International Airport - Oregon,Portland,US
PWM,Portland International Jetport - Maine,Portland,US
PVD,Theodore Francis Airport - Rhode Island,Providence,US
PUB,Pueblo Memorial Airport,Pueblo,US
RDU,Raleigh/Durham Airport - North Carolina,Raleigh/Durham,US
RAP,Rapid City Regional Airport - South Dakota,Rapid City,US
RDD,Redding Municipal Airport - California,Redding,US
RDM,Roberts Field Airport - Oregon,Redmond/Bend,US
RNO,Reno/Tahoe International Airport - Nevada,Reno,US
RIC,Richmond International Airport (Byrd Field) - Virginia,Richmond,US
ROA,Roanoke Municipal Airport - Virginia,Roanoke,US
ROC,Monroe County Airport - New York,Rochester,US
RKS,Sweetwater County Airport - Wyoming,Rock Springs,US
SMF,Sacramento International Airport - California,Sacramento,US
MBS,Tri City Airport - Michigan,Saginaw,US
SLC,Salt Lake City International Airport - Utah,Salt Lake City,US
SAT,San Antonio International Airport - Texas,San Antonio,US
SAN,San Diego International Airport - California,San Diego,US
SFO,San Francisco International Airport - California,San Francisco,US
SJC,Norman Y. Mineta International - California,San Jose,US
SBP,San Luis County Regional Airport,San Luis Obispo,US
SNA,John Wayne Airport - California,Santa Ana,US
SBA,Santa Barbara Municipal Airport - California,Santa Barbara,US
SAF,Santa Fe Municipal Airport,Santa Fe,US
SMX,Santa Maria Public Airport - California,Santa Maria,US
SRQ,Bradenton Airport - Florida,Sarasota,US
SAV,Savannah/Hilton Head Airport - Georgia,Savannah,US
SEA,Seattle-Tacoma International Airport - Washington,Seattle,US
SHV,Shreveport Regional Airport,Shreveport,US
FSD,Sioux Falls Regional Airport (Jo Foss Field),Sioux Falls,US
SBN,South Bend Regional - Indiana,South Bend,US
GEG,Spokane International Airport,Spokane,US
SPI,Capital Airport - Illinois,Springfield,US
SGF,Springfield-Branson Regional Airport - Missouri,Springfield,US
SGU,St George Municipal Airport,St George,US
STL,Lambert-St Louis Int'l Airport - Missouri,St Louis,US
SCE,University Park Airport - Pennsylvania,State College,US
SHD,Shenandoah Valley Airport,Staunton,US
SYR,Hancock International Airport - New York,Syracuse,US
TLH,Tallahassee Municipal Airport - Florida,Tallahassee,US
TPA,Tampa International Airport - Florida,Tampa,US
TVC,Traverse City Airport - Michigan,Traverse City,US
TUS,Tucson International Airport - Arizona,Tucson,US
TUL,Tulsa International Airport - Oklahoma,Tulsa,US
TYR,Pounds Field,Tyler,US
EGE,Eagle County Regional Airport,Vail/Eagle,US
IAD,Dulles International Airport - District of Columbia,Washington-Dulles,US
DCA,Ronald Reagan National Airport,Washington-Ronald Reagan National,US
CWA,Central Wisconsin Airport - Wisconsin,Wausau,US
PBI,West Palm Beach International Airport - Florida,West Palm Beach,US
HPN,Westchester County Airport - New York,Westchester County,US
ICT,Mid-Continent Airport - Kansas,Wichita,US
AVP,Wilkes-Barre International Airport,Wilkes-Barre,US
ISN,Sloulin Field International Airport,Williston,US
MVD,Carrasco Airport,Montevideo,UY
TAS,Tashkent International Airport,Tashkent,UZ
VLI,Bauerfield International Airport,Port Vila,VU
CCS,Simon Bolivar Intl Airport,Caracas,VE
MAR,La Chinita Intl Airport,Maracaibo,VE
VLN,Arturo Michelena Intl Airport,Valencia,VE
DAD,Da Nang International Airport,Da Nang,VN
HAN,Noi Bai International Airport,Hanoi,VN
SGN,Tan Son Nhat Int'l Airport,Ho Chi Minh City,VN
STT,Cyril E. King Airport,St Thomas Island,VI
ADE,Aden International Airport,Aden,YE
SAH,Sana'a International Airport,Sana'a,YE
LVI,Livingstone Airport,Livingstone,ZM
LUN,Lusaka International Airport,Lusaka,ZM
NLA,Ndola Airport,Ndola,ZM
HRE,Harare International Airport,Harare,ZW
VFA,Victoria Falls International Airport,Victoria Falls,ZW
